{
  "labels": [
    "Accuracy",
    "F1 Score",
    "Log Loss",
    "Matthews Corr Coef",
    "Precision",
    "ROC AUC",
    "Sensitivity",
    "Specificity"
  ],
  "datasets": [
    {
      "label": "Model Metrics",
      "data": [
        0.9299719887955182,
        0.9382716049382716,
        0.2489782009833764,
        0.8573805501671073,
        0.9405940594059405,
        0.9603192374128334,
        0.9359605911330049,
        0.922077922077922
      ],
      "backgroundColor": [
        "rgba(75, 192, 192, 0.6)",
        "rgba(255, 99, 132, 0.6)",
        "rgba(255, 206, 86, 0.6)",
        "rgba(54, 162, 235, 0.6)",
        "rgba(153, 102, 255, 0.6)",
        "rgba(255, 159, 64, 0.6)",
        "rgba(75, 192, 192, 0.6)",
        "rgba(255, 99, 132, 0.6)"
      ],
      "borderColor": [
        "rgba(75, 192, 192, 1)",
        "rgba(255, 99, 132, 1)",
        "rgba(255, 206, 86, 1)",
        "rgba(54, 162, 235, 1)",
        "rgba(153, 102, 255, 1)",
        "rgba(255, 159, 64, 1)",
        "rgba(75, 192, 192, 1)",
        "rgba(255, 99, 132, 1)"
      ],
      "borderWidth": 1
    }
  ]
}